name,pos,age,name_s26
Shai Gilgeous-Alexander,PG,26.0,Shai Gilgeous-Alexander
Giannis Antetokounmpo,PF,30.0,Giannis Antetokounmpo
Nikola Jokić,C,29.0,Nikola Jokic
Luka Dončić,PG,25.0,Luka Doncic
Anthony Edwards,SG,23.0,Anthony Edwards
Jayson Tatum,PF,26.0,Jayson Tatum
Kevin Durant,PF,36.0,Kevin Durant
Tyrese Maxey,PG,24.0,Tyrese Maxey
Cade Cunningham,PG,23.0,Cade Cunningham
Jalen Brunson,PG,28.0,Jalen Brunson
Paolo Banchero,PF,22.0,Paolo Banchero
Devin Booker,SG,28.0,Devin Booker
LaMelo Ball,PG,23.0,LaMelo Ball
Damian Lillard,PG,34.0,Damian Lillard
Anthony Davis,C,31.0,Anthony Davis
Kyrie Irving,SG,32.0,Kyrie Irving
Zion Williamson,PF,24.0,Zion Williamson
Stephen Curry,PG,36.0,Stephen Curry
LeBron James,SF,40.0,LeBron James
Karl-Anthony Towns,C,29.0,Karl-Anthony Towns
Victor Wembanyama,C,21.0,Victor Wembanyama
Franz Wagner,SF,23.0,Franz Wagner
Trae Young,PG,26.0,Trae Young
Donovan Mitchell,SG,28.0,Donovan Mitchell
Cam Thomas,SG,23.0,Cam Thomas
Tyler Herro,SG,25.0,Tyler Herro
Joel Embiid,C,30.0,Joel Embiid
De'Aaron Fox,PG,27.0,De'Aaron Fox
Zach LaVine,SG,29.0,Zach LaVine
Ja Morant,PG,25.0,Ja Morant
James Harden,PG,35.0,James Harden
Jaylen Brown,SF,28.0,Jaylen Brown
DeMar DeRozan,SF,35.0,DeMar DeRozan
Brandon Ingram,SF,27.0,Brandon Ingram
Jaren Jackson Jr.,C,25.0,Jaren Jackson Jr
Norman Powell,SG,31.0,Norman Powell
Jalen Williams,SG,23.0,Jalen Williams
Kawhi Leonard,SF,33.0,Kawhi Leonard
Jamal Murray,PG,27.0,Jamal Murray
Trey Murphy III,SF,24.0,Trey Murphy III
RJ Barrett,SF,24.0,RJ Barrett
CJ McCollum,PG,33.0,C.J. McCollum
Jalen Green,SG,22.0,Jalen Green
Brandon Miller,SF,22.0,Brandon Miller
Darius Garland,PG,25.0,Darius Garland
Jordan Poole,SG,25.0,Jordan Poole
Coby White,SG,24.0,Coby White
Miles Bridges,PF,26.0,Miles Bridges
Austin Reaves,SG,26.0,Austin Reaves
Pascal Siakam,PF,30.0,Pascal Siakam
Kristaps Porziņģis,C,29.0,Kristaps Porzingis
Scottie Barnes,PF,23.0,Scottie Barnes
Anfernee Simons,SG,25.0,Anfernee Simons
Desmond Bane,SG,26.0,Desmond Bane
Domantas Sabonis,C,28.0,Domantas Sabonis
Alperen Şengün,C,22.0,Alperen Sengun
John Collins,PF,27.0,John Collins
Lauri Markkanen,PF,27.0,Lauri Markkanen
Jalen Johnson,SF,23.0,Jalen Johnson
Cameron Johnson,PF,28.0,Cameron Johnson
Julius Randle,PF,30.0,Julius Randle
Tyrese Haliburton,PG,24.0,Tyrese Haliburton
Evan Mobley,PF,23.0,Evan Mobley
Shaedon Sharpe,SG,21.0,Shaedon Sharpe
Nikola Vučević,C,34.0,Nikola Vucevic
Collin Sexton,SG,26.0,Collin Sexton
Michael Porter Jr.,SF,26.0,Michael Porter Jr
Bam Adebayo,C,27.0,Bam Adebayo
Andrew Wiggins,SF,29.0,Andrew Wiggins
OG Anunoby,PF,27.0,OG Anunoby
Mikal Bridges,SF,28.0,Mikal Bridges
Jaden Ivey,SG,22.0,Jaden Ivey
Jimmy Butler,SF,35.0,Jimmy Butler
Dejounte Murray,PG,28.0,Dejounte Murray
Malik Monk,SG,26.0,Malik Monk
Immanuel Quickley,PG,25.0,Immanuel Quickley
De'Andre Hunter,SF,27.0,De'Andre Hunter
Bradley Beal,SG,31.0,Bradley Beal
Deni Avdija,SF,24.0,Deni Avdija
Keyonte George,PG,21.0,Keyonte George
Ivica Zubac,C,27.0,Ivica Zubac
Derrick White,SG,30.0,Derrick White
Malik Beasley,SG,28.0,Malik Beasley
Devin Vassell,SG,24.0,Devin Vassell
Jordan Clarkson,SG,32.0,Jordan Clarkson
Paul George,PF,34.0,Paul George
Jalen Suggs,PG,23.0,Jalen Suggs
Bennedict Mathurin,SF,22.0,Bennedict Mathurin
Myles Turner,C,28.0,Myles Turner
Christian Braun,SG,23.0,Christian Braun
Jonathan Kuminga,PF,22.0,Jonathan Kuminga
Jared McCain,SG,20.0,Jared McCain
Mark Williams,C,23.0,Mark Williams
Kelly Oubre Jr.,SF,29.0,Kelly Oubre Jr.
Chet Holmgren,C,22.0,Chet Holmgren
Kyle Kuzma,PF,29.0,Kyle Kuzma
Stephon Castle,SG,20.0,Stephon Castle
Aaron Gordon,PF,29.0,Aaron Gordon
P.J. Washington,PF,26.0,P.J. Washington
Quentin Grimes,SG,24.0,Quentin Grimes
Josh Giddey,PG,22.0,Josh Giddey
Jakob Poeltl,C,29.0,Jakob Poeltl
Deandre Ayton,C,26.0,Deandre Ayton
Gradey Dick,SG,21.0,Gradey Dick
Jerami Grant,PF,30.0,Jerami Grant
Payton Pritchard,PG,27.0,Payton Pritchard
Naz Reid,C,25.0,Naz Reid
Dyson Daniels,SG,21.0,Dyson Daniels
Tre Mann,PG,23.0,Tre Mann
Amen Thompson,SF,22.0,Amen Thompson
Fred VanVleet,PG,30.0,Fred VanVleet
Dillon Brooks,SF,29.0,Dillon Brooks
Tolu Smith,PF,24.0,Tolu Smith
Klay Thompson,SF,34.0,Klay Thompson
Bobby Portis,PF,29.0,Bobby Portis
Tobias Harris,PF,32.0,Tobias Harris
Josh Hart,SG,29.0,Josh Hart
Jarrett Allen,C,26.0,Jarrett Allen
Onyeka Okongwu,C,24.0,Onyeka Okongwu
Russell Westbrook,PG,36.0,Russell Westbrook
Naji Marshall,SF,27.0,Naji Marshall
Dennis Schröder,PG,31.0,Dennis Schroder
Rui Hachimura,PF,26.0,Rui Hachimura
Brook Lopez,C,36.0,Brook Lopez
Alex Sarr,C,19.0,Alex Sarr
Moritz Wagner,C,27.0,Moritz Wagner
Malcolm Brogdon,PG,32.0,Malcolm Brogdon
Scoot Henderson,PG,20.0,Scoot Henderson
Keldon Johnson,SF,25.0,Keldon Johnson
D'Angelo Russell,PG,28.0,D'Angelo Russell
Zaccharie Risacher,SF,19.0,Zaccharie Risacher
Santi Aldama,PF,24.0,Santi Aldama
Ty Jerome,SG,27.0,Ty Jerome
Keegan Murray,PF,24.0,Keegan Murray
Lonnie Walker IV,SG,26.0,Lonnie Walker IV
Harrison Barnes,PF,32.0,Harrison Barnes
Bilal Coulibaly,SF,20.0,Bilal Coulibaly
Ayo Dosunmu,SG,25.0,Ayo Dosunmu
Daniel Gafford,C,26.0,Daniel Gafford
Jaden McDaniels,PF,24.0,Jaden McDaniels
Jabari Smith Jr.,PF,21.0,Jabari Smith Jr
Caris LeVert,SG,30.0,Caris LeVert
Drew Timme,PF,24.0,Drew Timme
Tari Eason,PF,23.0,Tari Eason
Rudy Gobert,C,32.0,Rudy Gobert
Aaron Nesmith,SF,25.0,Aaron Nesmith
Aaron Wiggins,SG,26.0,Aaron Wiggins
Khris Middleton,SF,33.0,Khris Middleton
Jalen Duren,C,21.0,Jalen Duren
Donte DiVincenzo,SG,28.0,Donte DiVincenzo
Brandin Podziemski,SG,21.0,Brandin Podziemski
Corey Kispert,SF,25.0,Corey Kispert
Jeremy Sochan,PF,21.0,Jeremy Sochan
Toumani Camara,PF,24.0,Toumani Camara
Isaiah Hartenstein,C,26.0,Isaiah Hartenstein
Buddy Hield,SG,32.0,Buddy Hield
Jrue Holiday,PG,34.0,Jrue Holiday
Walker Kessler,C,23.0,Walker Kessler
Gary Trent Jr.,SG,26.0,Gary Trent Jr
Spencer Dinwiddie,PG,31.0,Spencer Dinwiddie
Tim Hardaway Jr.,SG,32.0,Tim Hardaway Jr
Duncan Robinson,SF,30.0,Duncan Robinson
Guerschon Yabusele,C,29.0,Guerschon Yabusele
Brice Sensabaugh,SF,21.0,Brice Sensabaugh
Bogdan Bogdanović,SG,32.0,Bogdan Bogdanovic
Jordan Hawkins,SG,22.0,Jordan Hawkins
Brandon Boston Jr.,SG,23.0,Brandon Boston Jr.
Nikola Jović,PF,21.0,Nikola Jovic
Grayson Allen,SG,29.0,Grayson Allen
Keon Johnson,SG,22.0,Keon Johnson
Terry Rozier,PG,30.0,Terry Rozier
Obi Toppin,PF,26.0,Obi Toppin
Jonas Valančiūnas,C,32.0,Jonas Valanciunas
Ochai Agbaji,SG,24.0,Ochai Agbaji
Jaylen Wells,SG,21.0,Jaylen Wells
Grant Williams,PF,26.0,Grant Williams
Kevin Porter Jr.,SG,24.0,Kevin Porter Jr.
Jose Alvarado,PG,26.0,Jose Alvarado
Nic Claxton,C,25.0,Nicolas Claxton
Herbert Jones,SF,26.0,Herbert Jones
De'Anthony Melton,SG,26.0,De'Anthony Melton
Isaiah Joe,SG,25.0,Isaiah Joe
Tyus Jones,PG,28.0,Tyus Jones
Trendon Watford,PF,24.0,Trendon Watford
Keion Brooks Jr.,SF,24.0,Keion Brooks Jr.
Luguentz Dort,SF,25.0,Luguentz Dort
Justin Edwards,SF,21.0,Justin Edwards
Derrick Jones Jr.,SF,27.0,Derrick Jones Jr.
Ausar Thompson,SF,22.0,Ausar Thompson
Chris Boucher,PF,32.0,Chris Boucher
Andrew Nembhard,SG,25.0,Andrew Nembhard
Ziaire Williams,SF,23.0,Ziaire Williams
Kevin Huerter,SG,26.0,Kevin Huerter
Georges Niang,PF,31.0,Georges Niang
Julian Champagnie,SF,23.0,Julian Champagnie
Scotty Pippen Jr.,PG,24.0,Scotty Pippen Jr.
Nick Smith Jr.,SG,20.0,Nick Smith Jr.
Bub Carrington,PG,19.0,Carlton Carrington
Moses Moody,SG,22.0,Moses Moody
Amir Coffey,SG,27.0,Amir Coffey
Max Christie,SG,21.0,Max Christie
Kyle Filipowski,C,21.0,Kyle Filipowski
Tosan Evbuomwan,SF,23.0,Tosan Evbuomwan
Miles McBride,SG,24.0,Miles McBride
Jalen Wilson,PF,24.0,Jalen Wilson
Nickeil Alexander-Walker,SG,26.0,Nickeil Alexander-Walker
Cole Anthony,PG,24.0,Cole Anthony
Anthony Black,PG,21.0,Anthony Black
Max Strus,SF,28.0,Max Strus
Tristan Vukcevic,C,21.0,Tristan Vukcevic
Cam Whitmore,SF,20.0,Cam Whitmore
Nick Richards,C,27.0,Nick Richards
Kel'el Ware,C,20.0,Kel'el Ware
Zach Edey,C,22.0,Zach Edey
Wendell Carter Jr.,C,25.0,Wendell Carter Jr.
Noah Clowney,PF,20.0,Noah Clowney
Dalton Knecht,SF,23.0,Dalton Knecht
A.J. Lawson,SG,24.0,A.J. Lawson
T.J. McConnell,PG,32.0,T.J. McConnell
Yves Missi,C,20.0,Yves Missi
Royce O'Neale,SF,31.0,Royce O'Neale
Jared Butler,SG,24.0,Jared Butler
Marcus Smart,PG,30.0,Marcus Smart
Draymond Green,PF,34.0,Draymond Green
Killian Hayes,PG,23.0,Killian Hayes
Al Horford,C,38.0,Al Horford
Julian Strawther,SG,22.0,Julian Strawther
Patrick Williams,PF,23.0,Patrick Williams
Jusuf Nurkić,C,30.0,Jusuf Nurkic
Clint Capela,C,30.0,Clint Capela
Johnny Juzang,SG,23.0,Johnny Juzang
Luke Kennard,SG,28.0,Luke Kennard
Justin Champagnie,SF,23.0,Justin Champagnie
Svi Mykhailiuk,SF,27.0,Svi Mykhailiuk
Chris Paul,PG,39.0,Chris Paul
Kelly Olynyk,C,33.0,Kelly Olynyk
Dorian Finney-Smith,PF,31.0,Dorian Finney-Smith
Oshae Brissett,SF,26.0,Oshae Brissett
Kentavious Caldwell-Pope,SG,31.0,Kentavious Caldwell-Pope
Isaiah Collier,PG,20.0,Isaiah Collier
Danté Exum,PG,29.0,Dante Exum
Kyshawn George,SG,21.0,Kyshawn George
Jaden Hardy,SG,22.0,Jaden Hardy
Dereck Lively II,C,20.0,Dereck Lively II
Tyrese Martin,SG,25.0,Tyrese Martin
Matas Buzelis,SF,20.0,Matas Buzelis
Jaime Jaquez Jr.,SF,23.0,Jaime Jaquez Jr
Ja'Kobe Walter,SG,20.0,Ja'Kobe Walter
Sam Hauser,PF,27.0,Sam Hauser
Larry Nance Jr.,PF,32.0,Larry Nance Jr.
Jared Rhoden,SG,25.0,Jared Rhoden
Jaylen Nowell,SG,25.0,Jaylen Nowell
Cason Wallace,SG,21.0,Cason Wallace
Bruce Brown,PG,28.0,Bruce Brown
Dalano Banton,PG,25.0,Dalano Banton
Brandon Clarke,PF,28.0,Brandon Clarke
Keon Ellis,SG,25.0,Keon Ellis
Brandon Williams,PG,25.0,Brandon Williams
Mike Conley,PG,37.0,Mike Conley
Taurean Prince,SF,30.0,Taurean Prince
Jalen Smith,C,24.0,Jalen Smith
Quinten Post,PF,24.0,Quinten Post
Peyton Watson,SF,22.0,Peyton Watson
Davion Mitchell,PG,26.0,Davion Mitchell
Caleb Martin,SF,29.0,Caleb Martin
Tyson Etienne,PG,25.0,Tyson Etienne
Day'Ron Sharpe,C,23.0,Day'Ron Sharpe
KJ Simpson,PG,22.0,KJ Simpson
Terance Mann,SG,28.0,Terance Mann
Karlo Matković,PF,23.0,Karlo Matković
AJ Johnson,SG,20.0,AJ Johnson
Lonzo Ball,PG,27.0,Lonzo Ball
Oscar Tshiebwe,C,25.0,Oscar Tshiebwe
Garrison Mathews,SG,28.0,Garrison Mathews
Matisse Thybulle,SG,27.0,Matisse Thybulle
A.J. Green,SG,25.0,AJ Green
Josh Green,SG,24.0,Josh Green
Richaun Holmes,PF,31.0,Richaun Holmes
Damion Baugh,SG,24.0,Damion Baugh
Alec Burks,SG,33.0,Alec Burks
Ricky Council IV,SF,23.0,Ricky Council IV
Andre Drummond,C,31.0,Andre Drummond
Tre Jones,PG,25.0,Tre Jones
Goga Bitadze,C,25.0,Goga Bitadze
Tristan Da Silva,SF,23.0,Tristan da Silva
GG Jackson II,PF,20.0,GG Jackson
Vít Krejčí,PG,24.0,Vit Krejci
Sam Merrill,SG,28.0,Sam Merrill
Daeqwon Plowden,SG,26.0,Daeqwon Plowden
Nae'Qwan Tomlin,PF,24.0,Nae'Qwan Tomlin
Josh Okogie,SG,26.0,Josh Okogie
Jalen Hood-Schifino,SG,21.0,Jalen Hood-Schifino
Jamison Battle,SF,23.0,Jamison Battle
Alex Caruso,SG,30.0,Alex Caruso
Jamal Shead,PG,22.0,Jamal Shead
Jeff Dowtin Jr.,PG,27.0,Jeff Dowtin Jr.
Marcus Garrett,SG,26.0,Marcus Garrett
Isaiah Jackson,C,23.0,Isaiah Jackson
Jaylen Sims,SG,26.0,Jaylen Sims
Orlando Robinson,C,24.0,Orlando Robinson
Jake LaRavia,PF,23.0,Jake LaRavia
Ryan Dunn,SF,22.0,Ryan Dunn
Jay Huff,C,26.0,Jay Huff
Cameron Payne,PG,30.0,Cameron Payne
Antonio Reeves,SG,24.0,Antonio Reeves
Cody Martin,SF,29.0,Cody Martin
Bol Bol,PF,25.0,Bol Bol
Eric Gordon,SG,36.0,Eric Gordon
Jaxson Hayes,C,24.0,Jaxson Hayes
Marcus Bagley,SF,23.0,Marcus Bagley
DaQuan Jeffries,SG,27.0,DaQuan Jeffries
Lester Quiñones,SG,24.0,Lester Quinones
Vasilije Micić,PG,31.0,Vasilije Micic
Precious Achiuwa,C,25.0,Precious Achiuwa
Trayce Jackson-Davis,C,24.0,Trayce Jackson-Davis
Marcus Sasser,PG,24.0,Marcus Sasser
Vince Williams Jr.,SG,24.0,Vince Williams Jr.
Thomas Bryant,C,27.0,Thomas Bryant
Donovan Clingan,C,20.0,Donovan Clingan
Seth Curry,SG,34.0,Seth Curry
Haywood Highsmith,SF,28.0,Haywood Highsmith
Talen Horton-Tucker,SG,24.0,Talen Horton-Tucker
Trey Lyles,PF,29.0,Trey Lyles
Ajay Mitchell,SG,22.0,Ajay Mitchell
Gary Payton II,SG,32.0,Gary Payton II
Zach Collins,PF,27.0,Zach Collins
Kris Dunn,PG,30.0,Kris Dunn
Ron Holland,SF,19.0,Ronald Holland II
KJ Martin,PF,24.0,KJ Martin
Gabe Vincent,PG,28.0,Gabe Vincent
Sandro Mamukelashvili,PF,25.0,Sandro Mamukelashvili
Jeremiah Robinson-Earl,PF,24.0,Jeremiah Robinson-Earl
Kenrich Williams,PF,30.0,Kenrich Williams
Bones Hyland,PG,24.0,Bones Hyland
Jonathan Mogbo,PF,23.0,Jonathan Mogbo
Ryan Rollins,PG,22.0,Ryan Rollins
Dru Smith,SG,27.0,Dru Smith
Isaac Okoro,SG,24.0,Isaac Okoro
Jarace Walker,PF,21.0,Jarace Walker
N'Faly Dante,C,23.0,N'Faly Dante
Mouhamed Gueye,PF,22.0,Mouhamed Gueye
Luke Kornet,C,29.0,Luke Kornet
Isaiah Mobley,PF,25.0,Isaiah Mobley
Isaiah Stewart,C,23.0,Isaiah Stewart II
James Wiseman,C,23.0,James Wiseman
Isaiah Wong,SG,24.0,Isaiah Wong
Cole Swider,SF,25.0,Cole Swider
Chuma Okeke,PF,26.0,Chuma Okeke
Kyle Anderson,PF,31.0,Kyle Anderson
Simone Fontecchio,SF,29.0,Simone Fontecchio
Collin Gillespie,PG,25.0,Collin Gillespie
Tidjane Salaün,PF,19.0,Tidjane Salaun
Jaylin Williams,PF,22.0,Jaylin Williams
Moses Brown,C,25.0,Moses Brown
Adem Bona,C,21.0,Adem Bona
Quenton Jackson,PG,26.0,Quenton Jackson
Robert Williams,C,27.0,Robert Williams
Moussa Diabaté,C,23.0,Moussa Diabate
Dariq Whitehead,SF,20.0,Dariq Whitehead
Landry Shamet,SG,27.0,Landry Shamet
Jordan Goodwin,PG,26.0,Jordan Goodwin
Shake Milton,SG,28.0,Shake Milton
Aaron Holiday,PG,28.0,Aaron Holiday
Jeff Green,PF,38.0,Jeff Green
Jonathan Isaac,PF,27.0,Jonathan Isaac
Dean Wade,PF,28.0,Dean Wade
Keaton Wallace,PG,25.0,Keaton Wallace
Kobe Bufkin,SG,21.0,Kobe Bufkin
Jamal Cain,SF,25.0,Jamal Cain
Pat Connaughton,SG,32.0,Pat Connaughton
Kevin Love,PF,36.0,Kevin Love
Ben Sheppard,SG,23.0,Ben Sheppard
Monte Morris,PG,29.0,Monte Morris
Jabari Walker,PF,22.0,Jabari Walker
Javonte Green,SG,31.0,Javonte Green
Alex Reese,PF,25.0,Alex Reese
Bismack Biyombo,C,32.0,Bismack Biyombo
Mitchell Robinson,C,26.0,Mitchell Robinson
Kai Jones,C,24.0,Kai Jones
Ben Simmons,PG,28.0,Ben Simmons
Malaki Branham,SG,21.0,Malaki Branham
Neemias Queta,C,25.0,Neemias Queta
Alondes Williams,SG,25.0,Alondes Williams
Jaylen Martin,SF,21.0,Jaylen Martin
Lindy Waters III,SG,27.0,Lindy Waters III
Trevelin Queen,SG,27.0,Trevelin Queen
Jock Landale,C,29.0,Jock Landale
Colin Castleton,C,24.0,Colin Castleton
Taylor Hendricks,PF,21.0,Taylor Hendricks
David Roddy,PF,23.0,David Roddy
Drew Eubanks,C,27.0,Drew Eubanks
Pelle Larsson,SG,23.0,Pelle Larsson
Julian Phillips,SF,21.0,Julian Phillips
Cody Williams,SG,20.0,Cody Williams
Rob Dillingham,PG,20.0,Rob Dillingham
Jett Howard,SF,21.0,Jett Howard
Kevon Looney,C,28.0,Kevon Looney
Mason Plumlee,C,34.0,Mason Plumlee
Dalen Terry,SG,22.0,Dalen Terry
Marvin Bagley III,PF,25.0,Marvin Bagley III
Charles Bassey,C,24.0,Charles Bassey
Tony Bradley,C,27.0,Tony Bradley
Reggie Jackson,PG,34.0,Reggie Jackson
Reed Sheppard,PG,20.0,Reed Sheppard
Lamar Stevens,PF,27.0,Lamar Stevens
Mo Bamba,C,26.0,Mo Bamba
Jevon Carter,PG,29.0,Jevon Carter
Micah Potter,C,26.0,Micah Potter
Terrence Shannon Jr.,SG,24.0,Terrence Shannon Jr.
Daniel Theis,C,32.0,Daniel Theis
Torrey Craig,SF,34.0,Torrey Craig
Wendell Moore Jr.,SG,23.0,Wendell Moore Jr.
Dominick Barlow,PF,21.0,Dominick Barlow
Kessler Edwards,SF,24.0,Kessler Edwards
Oso Ighodaro,PF,22.0,Oso Ighodaro
Kris Murray,SF,24.0,Kris Murray
Duop Reath,C,28.0,Duop Reath
Cam Spencer,SG,24.0,Cam Spencer
Maxwell Lewis,SF,22.0,Maxwell Lewis
Jaylen Clark,SG,23.0,Jaylen Clark
Caleb Houstan,SF,22.0,Caleb Houstan
Jordan Miller,SF,25.0,Jordan Miller
Jalen Pickett,SG,25.0,Jalen Pickett
Paul Reed,C,25.0,Paul Reed
Gui Santos,PF,22.0,Gui Santos
Jarred Vanderbilt,PF,25.0,Jarred Vanderbilt
Colby Jones,SG,22.0,Colby Jones
Nicolas Batum,PF,36.0,Nicolas Batum
Malachi Flynn,PG,26.0,Malachi Flynn
Ron Harper Jr.,SF,24.0,Ron Harper Jr.
Josh Richardson,SG,31.0,Josh Richardson
Steven Adams,C,31.0,Steven Adams
Kyle Lowry,PG,38.0,Kyle Lowry
Olivier-Maxence Prosper,PF,22.0,Olivier-Maxence Prosper
Patty Mills,PG,36.0,Patty Mills
Branden Carlson,C,25.0,Branden Carlson
Devin Carter,PG,22.0,Devin Carter
Ousmane Dieng,C,21.0,Ousmane Dieng
Markieff Morris,PF,35.0,Markieff Morris
Emoni Bates,SF,21.0,Emoni Bates
DeAndre Jordan,C,36.0,DeAndre Jordan
Craig Porter Jr.,PG,24.0,Craig Porter Jr.
Jackson Rowe,PF,28.0,Jackson Rowe
Blake Wesley,SG,21.0,Blake Wesley
JT Thor,PF,22.0,JT Thor
Baylor Scheierman,SG,24.0,Baylor Scheierman
Jae'Sean Tate,SF,29.0,Jae'Sean Tate
Jaylon Tyson,SG,22.0,Jaylon Tyson
Elfrid Payton,PG,30.0,Elfrid Payton
Luka Garza,C,26.0,Luka Garza
Cory Joseph,PG,33.0,Cory Joseph
Doug McDermott,SF,33.0,Doug McDermott
Dario Šarić,C,30.0,Dario Saric
Jamaree Bouyea,PG,25.0,Jamaree Bouyea
Bruno Fernando,C,26.0,Bruno Fernando
Andre Jackson Jr.,SG,23.0,Andre Jackson Jr.
Isaac Jones,PF,24.0,Isaac Jones
Kevin Knox,SF,25.0,Kevin Knox
Damion Lee,SG,32.0,Damion Lee
Nate Williams,SG,25.0,Nate Williams
Elijah Harkless,SG,24.0,Elijah Harkless
Zeke Nnaji,PF,24.0,Zeke Nnaji
Cam Reddish,SF,25.0,Cam Reddish
Delon Wright,PG,32.0,Delon Wright
Kylor Kelley,C,27.0,Kylor Kelley
Gary Harris,SG,30.0,Gary Harris
Maxi Kleber,PF,33.0,Maxi Kleber
Taze Moore,SG,26.0,Taze Moore
Rayan Rupert,SG,20.0,Rayan Rupert
P.J. Tucker,SF,39.0,P.J. Tucker
Pete Nance,C,24.0,Pete Nance
Markelle Fultz,PG,26.0,Markelle Fultz
Taj Gibson,C,39.0,Taj Gibson
Tyler Smith,PF,20.0,Tyler Smith
RayJ Dennis,PG,23.0,RayJ Dennis
David Duke Jr.,SG,25.0,David Duke Jr.
Keshad Johnson,SF,23.0,Keshad Johnson
Reece Beekman,PG,23.0,Reece Beekman
Jae Crowder,PF,34.0,Jae Crowder
Josh Minott,SF,22.0,Josh Minott
Hunter Tyson,PF,24.0,Hunter Tyson
Jaden Springer,PG,22.0,Jaden Springer
Trey Jemison,C,25.0,Trey Jemison III
Anthony Gill,PF,32.0,Anthony Gill
Dillon Jones,SF,23.0,Dillon Jones
Pat Spencer,PG,28.0,Pat Spencer
Johnny Davis,SG,22.0,Johnny Davis
Christian Koloko,C,24.0,Christian Koloko
John Konchar,SG,28.0,John Konchar
MarJon Beauchamp,SF,24.0,MarJon Beauchamp
Bronny James,SG,20.0,Bronny James
Mason Jones,SG,26.0,Mason Jones
Miles Norris,PF,24.0,Miles Norris
Patrick Baldwin Jr.,SF,22.0,Patrick Baldwin Jr.
Drew Peterson,PF,25.0,Drew Peterson
TyTy Washington Jr.,PG,23.0,TyTy Washington Jr.
Jordan McLaughlin,PG,28.0,Jordan McLaughlin
JD Davison,PG,22.0,JD Davison
Chris Duarte,SG,27.0,Chris Duarte
Enrique Freeman,PF,24.0,Enrique Freeman
Johnny Furphy,SG,20.0,Johnny Furphy
Dwight Powell,C,33.0,Dwight Powell
Josh Christopher,SG,23.0,Josh Christopher
Tyler Kolek,PG,23.0,Tyler Kolek
Adama Sanogo,C,22.0,Adama Sanogo
Kobe Brown,PF,25.0,Kobe Brown
Ariel Hukporti,C,22.0,Ariel Hukporti
Bobi Klintman,SF,21.0,Bobi Klintman
Garrett Temple,SG,38.0,Garrett Temple
Jericho Sims,C,26.0,Jericho Sims
Vlatko Čančar,PF,27.0,Vlatko Cancar
Adam Flagler,SG,25.0,Adam Flagler
Trentyn Flowers,SF,19.0,Trentyn Flowers
E.J. Liddell,PF,24.0,E.J. Liddell
Jahmir Young,PG,24.0,Jahmir Young
Pacôme Dadiet,SG,19.0,Pacôme Dadiet
Alex Ducas,SG,24.0,Alex Ducas
PJ Hall,C,22.0,PJ Hall
Emanuel Miller,PF,24.0,Emanuel Miller
Tristan Thompson,C,33.0,Tristan Thompson
Alex Len,C,31.0,Alex Len
Yuki Kawamura,PG,23.0,Yuki Kawamura
Jack McVeigh,PF,28.0,Jack McVeigh
Armel Traoré,SF,22.0,Armel Traore
Jordan Walsh,PF,20.0,Jordan Walsh
Phillip Wheeler,PF,22.0,Phillip Wheeler
Sidy Cissoko,SF,20.0,Sidy Cissoko
Jazian Gortman,PG,21.0,Jazian Gortman
Kevin McCullar Jr.,SF,23.0,Kevin McCullar Jr.
Leonard Miller,SF,21.0,Leonard Miller
Quincy Olivari,PG,23.0,Quincy Olivari
Matt Ryan,SF,27.0,Matt Ryan
Jacob Toppin,SF,24.0,Jacob Toppin
Cam Christie,SG,19.0,Cam Christie
Chris Livingston,SF,21.0,Chris Livingston
Trey Alexander,SG,21.0,Trey Alexander
Spencer Jones,SF,23.0,Spencer Jones
Skal Labissière,PF,28.0,Skal Labissiere
Jalen Bridges,SF,23.0,Jalen Bridges
Yuri Collins,PG,23.0,Yuri Collins
Daniss Jenkins,PG,23.0,Daniss Jenkins
Braxton Key,SF,27.0,Braxton Key
Bryce McGowens,SG,22.0,Bryce McGowens
Xavier Tillman Sr.,C,26.0,Xavier Tillman
Luke Travers,SG,23.0,Luke Travers
Isaiah Crawford,SF,23.0,Isaiah Crawford
Justin Minaya,SF,25.0,Justin Minaya
Anton Watson,SF,24.0,Anton Watson
D.J. Carton,SG,24.0,D.J. Carton
PJ Dozier,SG,28.0,PJ Dozier
Joe Ingles,SF,37.0,Joe Ingles
Harrison Ingram,SF,22.0,Harrison Ingram
Ulrich Chomche,PF,19.0,Ulrich Chomche
James Johnson,PF,37.0,James Johnson
Liam Robbins,C,25.0,Liam Robbins
Stanley Umude,SG,25.0,Stanley Umude
Cui Yongxi,SG,21.0,Cui Yongxi
Tristen Newton,SG,23.0,Tristen Newton
Malevy Leons,SF,25.0,Malevy Leons
Daishen Nix,PG,22.0,Daishen Nix
Terence Davis,SG,27.0,Terence Davis
Jesse Edwards,C,24.0,Jesse Edwards
Mac McClung,SG,26.0,Mac McClung
Jalen McDaniels,SF,27.0,Jalen McDaniels
Riley Minix,SF,24.0,Riley Minix
Jahlil Okafor,C,29.0,Jahlil Okafor
Zyon Pullin,SG,23.0,Zyon Pullin
Isaiah Stevens,PG,24.0,Isaiah Stevens
Terry Taylor,PF,25.0,Terry Taylor
League Average,,,League Average
