name,pos,age
Luka Dončić,PG,26.0
Shai Gilgeous-Alexander,PG,27.0
Anthony Edwards,SG,24.0
Tyrese Maxey,PG,25.0
Jaylen Brown,SF,29.0
Kawhi Leonard,SF,34.0
Nikola Jokić,C,30.0
Donovan Mitchell,SG,29.0
Giannis Antetokounmpo,PF,31.0
Stephen Curry,PG,37.0
Joel Embiid,C,31.0
Lauri Markkanen,PF,28.0
Jalen Brunson,PG,29.0
Kevin Durant,SF,37.0
Devin Booker,SG,29.0
Jamal Murray,PG,28.0
Cade Cunningham,PG,24.0
Michael Porter Jr.,SF,27.0
Victor Wembanyama,C,22.0
James Harden,PG,36.0
Deni Avdija,SF,25.0
Pascal Siakam,PF,31.0
Keyonte George,PG,22.0
Austin Reaves,SG,27.0
Jalen Johnson,SF,24.0
Paolo Banchero,PF,23.0
Norman Powell,SG,32.0
Trey Murphy III,SF,25.0
Brandon Ingram,SF,28.0
Shaedon Sharpe,SG,22.0
Zion Williamson,PF,25.0
Franz Wagner,SF,24.0
Dillon Brooks,SF,30.0
Tyler Herro,SG,26.0
LeBron James,SF,41.0
Julius Randle,PF,31.0
Nickeil Alexander-Walker,SG,27.0
Brandon Miller,SF,23.0
Desmond Bane,SG,27.0
Anthony Davis,PF,32.0
Cooper Flagg,SF,19.0
Alperen Sengun,C,23.0
Bam Adebayo,C,28.0
Karl-Anthony Towns,C,30.0
Jimmy Butler,SF,36.0
Jayson Tatum,PF,27.0
LaMelo Ball,PG,24.0
Ty Jerome,SG,28.0
Ja Morant,PG,26.0
Jaren Jackson Jr.,C,26.0
Jalen Duren,C,22.0
Darius Garland,PG,26.0
Zach LaVine,SG,30.0
Kon Knueppel,SF,20.0
RJ Barrett,SF,25.0
CJ McCollum,PG,34.0
De'Aaron Fox,PG,28.0
Bennedict Mathurin,SF,23.0
Jerami Grant,PF,31.0
Scottie Barnes,PF,24.0
DeMar DeRozan,PF,36.0
Jalen Green,SG,23.0
Evan Mobley,PF,24.0
Trae Young,PG,27.0
Amen Thompson,PG,23.0
Coby White,SG,25.0
Saddiq Bey,SF,26.0
Josh Giddey,PG,23.0
Kevin Porter Jr.,PG,25.0
Grayson Allen,SG,30.0
Dejounte Murray,PG,29.0
Jalen Williams,SG,24.0
Miles Bridges,PF,27.0
Chet Holmgren,PF,23.0
Kristaps Porziņģis,C,30.0
Derrick White,SG,31.0
Andrew Nembhard,PG,26.0
Ryan Rollins,PG,23.0
Payton Pritchard,PG,28.0
Immanuel Quickley,PG,26.0
OG Anunoby,PF,28.0
Paul George,PF,35.0
Stephon Castle,PG,21.0
Aaron Gordon,PF,30.0
Matas Buzelis,PF,21.0
Alex Sarr,C,20.0
VJ Edgecombe,SG,20.0
Jrue Holiday,PG,35.0
Domantas Sabonis,C,29.0
Nikola Vučević,C,35.0
Andrew Wiggins,SF,30.0
Naji Marshall,SF,28.0
Jabari Smith Jr.,PF,22.0
Jarrett Allen,C,27.0
Anthony Black,PG,22.0
Onyeka Okongwu,C,25.0
Russell Westbrook,SF,37.0
Collin Sexton,SG,27.0
Jaime Jaquez Jr.,SF,24.0
Peyton Watson,SF,23.0
Kyshawn George,SF,22.0
Jaden McDaniels,PF,25.0
Mikal Bridges,SF,29.0
Kennedy Chandler,PG,23.0
Ayo Dosunmu,SG,26.0
Kelly Oubre Jr.,SF,30.0
Walker Kessler,C,24.0
Anfernee Simons,SG,26.0
Brice Sensabaugh,SF,22.0
Devin Vassell,SG,25.0
Ivica Zubac,C,28.0
Ajay Mitchell,SG,23.0
P.J. Washington,PF,27.0
Santi Aldama,PF,25.0
Keegan Murray,PF,25.0
Quentin Grimes,SG,25.0
Tim Hardaway Jr.,SG,33.0
Aaron Nesmith,SF,26.0
De'Andre Hunter,SF,28.0
Scoot Henderson,PG,21.0
Bobby Portis,PF,30.0
Jalen Suggs,PG,24.0
Zach Edey,C,23.0
Naz Reid,C,26.0
Cam Thomas,SG,24.0
Ace Bailey,SF,19.0
Cedric Coward,SG,22.0
Reed Sheppard,SG,21.0
Tobias Harris,PF,33.0
John Collins,PF,28.0
Jordan Poole,PG,26.0
Tre Jones,PG,26.0
Brandin Podziemski,SG,22.0
Collin Gillespie,PG,26.0
Kyle Kuzma,PF,30.0
Jaylon Tyson,SG,23.0
Jeremiah Fears,PG,19.0
Keldon Johnson,SF,26.0
De'Anthony Melton,PG,27.0
Sam Merrill,SG,29.0
Toumani Camara,PF,25.0
Miles McBride,SG,25.0
Brandon Williams,PG,26.0
Malik Monk,SG,27.0
Max Strus,SF,29.0
Jaylen Wells,SG,22.0
Max Christie,SG,22.0
Donte DiVincenzo,SG,29.0
Deandre Ayton,C,27.0
Donovan Clingan,C,21.0
Noah Clowney,PF,21.0
Tre Johnson,SG,19.0
Josh Hart,SF,30.0
Moses Moody,SG,23.0
Jonathan Kuminga,PF,23.0
GG Jackson II,PF,21.0
Maxime Raynaud,C,22.0
Julian Reese,PF,22.0
Wendell Carter Jr.,C,26.0
Cameron Johnson,SF,29.0
Duncan Robinson,SF,31.0
Myles Turner,C,29.0
Nic Claxton,C,26.0
Klay Thompson,SF,35.0
Isaiah Collier,PG,21.0
Dyson Daniels,SG,22.0
Christian Braun,SG,24.0
Mark Williams,C,24.0
Bilal Coulibaly,SG,21.0
Dylan Harper,SG,19.0
Jarace Walker,PF,22.0
Scotty Pippen Jr.,PG,25.0
Derik Queen,C,21.0
Julian Champagnie,SF,24.0
Rudy Gobert,C,33.0
Rui Hachimura,PF,27.0
Cam Spencer,SG,25.0
Kel'el Ware,C,21.0
Dennis Schröder,PG,32.0
Pelle Larsson,SG,24.0
Caleb Love,SG,24.0
Sandro Mamukelashvili,C,26.0
Alondes Williams,SG,26.0
Kyle Filipowski,C,22.0
Isaiah Joe,SG,26.0
Jusuf Nurkić,C,31.0
Khris Middleton,SF,34.0
Derrick Jones Jr.,SF,28.0
Jock Landale,C,30.0
Blake Hinson,SF,26.0
Jakob Poeltl,C,30.0
Daeqwon Plowden,SG,27.0
Marvin Bagley III,PF,26.0
Bub Carrington,PG,20.0
Egor Dёmin,PG,19.0
Tari Eason,PF,24.0
Ziaire Williams,SF,24.0
Tyler Burton,SF,25.0
D'Angelo Russell,PG,29.0
Jalen Smith,C,25.0
Harrison Barnes,PF,33.0
Obi Toppin,PF,27.0
Tristan Da Silva,SF,24.0
Royce O'Neale,SF,32.0
Zaccharie Risacher,SF,20.0
Isaiah Stewart,C,24.0
Ausar Thompson,SF,23.0
Kevin Huerter,SG,27.0
Neemias Queta,C,26.0
Aaron Wiggins,SG,27.0
Zach Collins,C,28.0
Jordan Miller,SF,26.0
Landry Shamet,SG,28.0
Precious Achiuwa,C,26.0
Daniel Gafford,C,27.0
A.J. Green,SG,26.0
Isaiah Hartenstein,C,27.0
Olivier-Maxence Prosper,PF,23.0
Marcus Smart,SG,31.0
Jay Huff,C,27.0
T.J. McConnell,PG,33.0
Will Riley,SF,19.0
Svi Mykhailiuk,SF,28.0
Isaac Okoro,SG,25.0
Javon Small,PG,23.0
Cam Whitmore,SF,21.0
Jaden Hardy,SG,23.0
Corey Kispert,SF,26.0
Jordan Clarkson,SG,33.0
Herbert Jones,SF,27.0
Davion Mitchell,PG,27.0
Sam Hauser,PF,28.0
Micah Potter,C,27.0
Gui Santos,PF,23.0
Danny Wolf,PF,21.0
Jordan Goodwin,PG,27.0
Daniss Jenkins,PG,24.0
Day'Ron Sharpe,C,24.0
Tristan Vukcevic,C,22.0
Vít Krejčí,PG,25.0
Simone Fontecchio,SF,30.0
Cason Wallace,SG,22.0
Jaden Ivey,SG,23.0
Leaky Black,SF,26.0
Draymond Green,PF,35.0
DaQuan Jeffries,SG,28.0
Jared McCain,SG,21.0
Kentavious Caldwell-Pope,SG,32.0
Luguentz Dort,SF,26.0
Al Horford,C,39.0
Quenton Jackson,PG,27.0
Jake LaRavia,PF,24.0
Kadary Richmond,SG,24.0
Nolan Traoré,PG,19.0
Jonas Valančiūnas,C,33.0
Bradley Beal,SG,32.0
Justin Champagnie,SF,24.0
Ron Holland,SF,20.0
MarJon Beauchamp,SF,25.0
Moussa Diabaté,C,24.0
Brook Lopez,C,37.0
Bryce McGowens,SG,23.0
Luke Kennard,SG,29.0
Dominick Barlow,PF,22.0
Bones Hyland,PG,25.0
DeJon Jarreau,SG,28.0
LJ Cryer,PG,24.0
Collin Murray-Boyles,PF,20.0
Cameron Payne,PG,31.0
Cody Williams,SG,21.0
Ryan Kalkbrenner,C,24.0
Quinten Post,PF,25.0
Gary Trent Jr.,SG,27.0
Bruce Brown,SG,29.0
Nique Clifford,SG,23.0
Luka Garza,C,27.0
Vince Williams Jr.,SG,25.0
Devin Carter,PG,23.0
Kris Dunn,PG,31.0
Chaney Johnson,SF,23.0
Jaylin Williams,PF,23.0
Walter Clayton,PG,22.0
Nikola Jović,PF,22.0
Moritz Wagner,C,28.0
Buddy Hield,SG,33.0
Bogdan Bogdanović,SG,33.0
Caris LeVert,SG,31.0
Taylor Hendricks,PF,22.0
Sharife Cooper,PG,24.0
Terance Mann,SG,29.0
Gary Payton II,SG,33.0
Paul Reed,C,26.0
Ja'Kobe Walter,SG,21.0
Josh Minott,PF,23.0
Jose Alvarado,PG,27.0
Jaxson Hayes,C,25.0
Kobe Sanders,SG,23.0
Lawson Lovering,C,22.0
Ben Sheppard,SG,24.0
Malachi Smith,SG,26.0
Will Richard,SG,23.0
Pat Spencer,PG,29.0
Seth Curry,SG,35.0
Javonte Green,SG,32.0
Elijah Harkless,SG,25.0
Trendon Watford,PF,25.0
Grant Williams,PF,27.0
Nate Williams,SG,26.0
Patrick Williams,PF,24.0
Robert Williams,C,28.0
Isaiah Jackson,C,24.0
Cole Anthony,PG,25.0
Kevin Love,PF,37.0
Ben Saraf,SG,19.0
Jevon Carter,PG,30.0
Julian Strawther,SG,23.0
Oso Ighodaro,PF,23.0
Luke Kornet,C,30.0
Jamal Shead,PG,23.0
Kenrich Williams,PF,31.0
Keon Ellis,SG,26.0
Tyrese Martin,SG,26.0
Alex Caruso,SG,31.0
Andre Drummond,C,32.0
Taurean Prince,SF,31.0
Ousmane Dieng,C,22.0
Kyle Anderson,SF,32.0
Jalen Slawson,SF,26.0
Jamir Watkins,SG,24.0
Gradey Dick,SG,22.0
Justin Edwards,SF,22.0
Ryan Nembhard,PG,22.0
Tidjane Salaün,PF,20.0
Kasparas Jakučionis,PG,19.0
Drake Powell,SG,20.0
Leonard Miller,SF,22.0
Thomas Bryant,C,28.0
Oscar Tshiebwe,C,26.0
Ryan Dunn,SF,23.0
Tyson Etienne,PG,26.0
Tre Mann,PG,24.0
Nick Richards,C,28.0
Mac McClung,SG,27.0
Steven Adams,C,32.0
Kris Murray,SF,25.0
Dru Smith,SG,28.0
Nick Smith Jr.,SG,21.0
Dean Wade,PF,29.0
Jalen Wilson,PF,25.0
Goga Bitadze,C,26.0
Karlo Matković,PF,24.0
Jamaree Bouyea,PG,26.0
Spencer Jones,SF,24.0
Sidy Cissoko,SF,21.0
Eric Gordon,SG,37.0
Haywood Highsmith,SF,29.0
Aaron Holiday,PG,29.0
Yves Missi,C,21.0
Mitchell Robinson,C,27.0
Nae'Qwan Tomlin,PF,25.0
Rob Dillingham,PG,21.0
Jett Howard,SF,22.0
Jahmai Mashack,SG,23.0
Marcus Sasser,PG,25.0
Sion James,SG,23.0
Doug McDermott,SF,34.0
Matisse Thybulle,SG,28.0
Jordan Walsh,PF,21.0
Blake Wesley,SG,22.0
KJ Simpson,PG,23.0
Drew Eubanks,C,28.0
Andersson Garcia,SF,25.0
Garrison Mathews,SG,29.0
Guerschon Yabusele,C,30.0
Dylan Cardwell,C,24.0
Johnny Furphy,SG,21.0
Killian Hayes,PG,24.0
Jalen Pickett,SG,26.0
Ethan Thompson,SG,26.0
Asa Newell,PF,20.0
John Poulakidas,SG,22.0
Kobe Brown,PF,26.0
Baylor Scheierman,SG,25.0
Ochai Agbaji,SG,25.0
Adem Bona,C,22.0
Bez Mbeng,SG,22.0
Josh Green,SG,25.0
Pete Nance,PF,25.0
Josh Okogie,SG,27.0
Tyrese Proctor,PG,21.0
Jase Richardson,SG,20.0
Lonzo Ball,PG,28.0
Malaki Branham,SG,22.0
Branden Carlson,C,26.0
Anthony Gill,PF,33.0
Mouhamed Gueye,PF,23.0
Jeremiah Robinson-Earl,PF,25.0
PJ Hall,C,23.0
Jabari Walker,PF,23.0
Gabe Vincent,PG,29.0
Jamal Cain,SF,26.0
DeAndre Jordan,C,37.0
Tyler Kolek,PG,24.0
Craig Porter Jr.,PG,25.0
Jarred Vanderbilt,PF,26.0
Rayan Rupert,SG,21.0
Yanic Konan Niederhäuser,C,22.0
Skal Labissière,PF,29.0
Dereck Lively II,C,21.0
Grant Nelson,PF,23.0
Jericho Sims,C,27.0
DaRon Holmes,PF,23.0
Dalton Knecht,SF,24.0
Liam McNeeley,SF,20.0
Noah Penda,SF,21.0
Nicolas Batum,PF,37.0
Mike Conley,PG,38.0
Kam Jones,SG,23.0
Terrence Shannon Jr.,SG,25.0
RayJ Dennis,PG,24.0
Tony Bradley,C,28.0
Carter Bryant,PF,20.0
Brandon Clarke,PF,29.0
Rasheer Fleming,PF,21.0
Taj Gibson,C,40.0
Hugo González,SF,19.0
John Konchar,SG,29.0
Jaylen Clark,SG,24.0
Myron Gardner,SF,24.0
Jordan Hawkins,SG,23.0
Caleb Martin,SF,30.0
Micah Peavy,SG,24.0
Taelon Peter,SG,23.0
Patrick Baldwin Jr.,SF,23.0
Dalen Terry,SG,23.0
Clint Capela,C,31.0
Moussa Cisse,C,23.0
Keshad Johnson,SF,24.0
Zeke Nnaji,PF,25.0
Mohamed Diawara,SF,20.0
Keaton Wallace,PG,26.0
Trayce Jackson-Davis,C,25.0
Tolu Smith,PF,25.0
Jeremy Sochan,PF,22.0
Ron Harper Jr.,SF,25.0
Drew Timme,PF,25.0
Jamison Battle,SF,24.0
A.J. Lawson,SG,25.0
Larry Nance Jr.,PF,33.0
Sean Pedulla,PG,23.0
Dwight Powell,C,34.0
Isaiah Stevens,PG,25.0
James Wiseman,C,24.0
Riley Minix,SF,25.0
Kelly Olynyk,C,34.0
Nikola Topić,PG,20.0
Cam Christie,SG,20.0
Dorian Finney-Smith,PF,32.0
Miles Kelly,PG,23.0
Mark Sears,PG,23.0
Adama-Alpha Bal,,22.0
Kobe Bufkin,SG,22.0
Yuki Kawamura,PG,24.0
Chris Livingston,SF,22.0
Emanuel Miller,PF,25.0
Monte Morris,PG,30.0
Antonio Reeves,SG,25.0
Amir Coffey,SG,28.0
Tyus Jones,PG,29.0
Joan Beringer,PF,19.0
Pat Connaughton,SG,33.0
David Jones García,SF,24.0
Kevon Looney,C,29.0
Chris Paul,PG,40.0
Duop Reath,C,29.0
Trey Alexander,SG,22.0
AJ Johnson,SG,21.0
Koby Brea,SG,23.0
Khaman Maluach,C,19.0
Norchad Omier,PF,24.0
Charles Bassey,C,25.0
Christian Koloko,C,25.0
Julian Phillips,SF,22.0
Gary Harris,SG,31.0
Jonathan Isaac,PF,28.0
Chaz Lanier,SG,24.0
Jae'Sean Tate,SF,30.0
Mo Bamba,C,27.0
Jayson Kent,SF,23.0
Malevy Leons,SF,26.0
E.J. Liddell,PF,25.0
Alijah Martin,SG,24.0
Lindy Waters III,SG,28.0
Omer Yurtseven,C,27.0
Chris Boucher,PF,33.0
Jeff Green,PF,39.0
Cormac Ryan,SG,27.0
Luke Travers,SG,24.0
Chris Youngblood,SG,23.0
JD Davison,PG,23.0
Tristan Enaruna,SF,24.0
Yang Hansen,C,20.0
Tyler Smith,PF,21.0
Hunter Tyson,PF,25.0
Bronny James,SG,21.0
Maxi Kleber,PF,34.0
TyTy Washington Jr.,PG,24.0
Dalano Banton,PG,26.0
Colin Castleton,C,25.0
Hunter Dickinson,C,25.0
Trentyn Flowers,SF,20.0
Keshon Gilbert,PG,22.0
CJ Huntley,SF,24.0
Colby Jones,SG,23.0
Johnny Juzang,SG,24.0
Jordan McLaughlin,PG,29.0
Wendell Moore Jr.,SG,24.0
Alex Morales,PG,28.0
Zyon Pullin,SG,24.0
Payton Sandfort,SF,23.0
Caleb Houstan,SF,23.0
Ariel Hukporti,C,23.0
Harrison Ingram,SF,23.0
Bobi Klintman,SF,22.0
Isaiah Livers,PF,27.0
Cody Martin,SF,30.0
Kevin McCullar Jr.,SF,24.0
Orlando Robinson,C,25.0
Jahmir Young,PG,25.0
Andre Jackson Jr.,SG,24.0
Mason Plumlee,C,35.0
Lachlan Olbrich,C,22.0
Jacob Toppin,SF,25.0
Buddy Boeheim,SF,26.0
Curtis Jones,SG,24.0
Jonathan Mogbo,PF,24.0
Adou Thiero,SF,21.0
Rocco Zikarsky,C,19.0
Xavier Tillman Sr.,C,27.0
Isaiah Crawford,SF,24.0
Brooks Barnhizer,SG,23.0
Markelle Fultz,PG,27.0
Nigel Hayes-Davis,SF,31.0
Kyle Lowry,PG,39.0
Amari Williams,PF,24.0
Isaac Jones,PF,25.0
Thanasis Antetokounmpo,SF,33.0
Javonte Cooke,SG,26.0
Pacôme Dadiet,SG,20.0
Dillon Jones,SF,24.0
David Roddy,PF,24.0
Hunter Sallis,SG,22.0
Dario Šarić,C,31.0
Olivier Sarr,C,26.0
Stanley Umude,SG,26.0
Bismack Biyombo,C,33.0
Johni Broome,C,23.0
N'Faly Dante,C,24.0
Vladislav Goldin,C,24.0
Joe Ingles,SF,38.0
Trey Jemison,C,26.0
Drew Peterson,PF,26.0
Max Shulga,SG,23.0
Garrett Temple,SG,39.0
John Tonje,SG,24.0
Chris Mañon,SG,24.0
Jahmyl Telfort,PF,24.0
Darius Brown II,SG,26.0
Noa Essengue,PF,19.0
Tosan Evbuomwan,SF,24.0
Enrique Freeman,PF,25.0
Chucky Hepburn,PG,22.0
Trevor Keels,SG,22.0
League Average,,
Damian Lillard,PG,30.0
Kyrie Irving,PG,28.0
Malcolm Brogdon,PG,28.0
Christian Wood,C,25.0
John Wall,PG,30.0
Terry Rozier,SG,26.0
Victor Oladipo,SG,28.0
Malik Beasley,SG,24.0
Gordon Hayward,SF,30.0
Fred VanVleet,SG,26.0
Kemba Walker,PG,30.0
Evan Fournier,SF,28.0
Bojan Bogdanović,SF,31.0
Khyri Thomas,SG,24.0
Elijah Bryant,SG,25.0
Terrence Ross,SG,29.0
T.J. Warren,SF,27.0
Devonte' Graham,PG,25.0
Derrick Rose,PG,32.0
Kendrick Nunn,PG,25.0
Ben Simmons,PG,24.0
Richaun Holmes,C,27.0
Joe Harris,SF,29.0
Darius Bazley,PF,20.0
LaMarcus Aldridge,C,35.0
Montrezl Harrell,C,27.0
Carmelo Anthony,PF,36.0
Goran Dragić,PG,34.0
Josh Jackson,SG,23.0
Marcus Morris,PF,31.0
Danilo Gallinari,PF,32.0
Tyrese Haliburton,PG,20.0
Shake Milton,SG,24.0
Will Barton,SF,30.0
Alec Burks,SG,29.0
Eric Bledsoe,SG,31.0
Josh Richardson,SG,27.0
Thaddeus Young,PF,32.0
Hamidou Diallo,SF,22.0
Dāvis Bertāns,PF,28.0
Rudy Gay,PF,34.0
Lou Williams,PG,34.0
Armoni Brooks,SG,22.0
Enes Freedom,C,28.0
Cam Reddish,SF,21.0
Lonnie Walker IV,SG,22.0
Serge Ibaka,C,31.0
Blake Griffin,PF,31.0
Dwayne Bacon,SG,25.0
Oshae Brissett,SF,22.0
Reggie Bullock,SF,29.0
Patty Mills,PG,32.0
Cameron Oliver,SF,24.0
Reggie Jackson,SG,30.0
Justin Holiday,SG,31.0
Cedi Osman,SF,25.0
Delon Wright,PG,28.0
Jae Crowder,PF,30.0
Jeremy Lamb,SG,28.0
Théo Maledon,PG,19.0
Elfrid Payton,PG,26.0
Bryn Forbes,SG,27.0
Frank Jackson,PG,22.0
Otto Porter Jr.,SF,27.0
Mike Muscala,C,29.0
Daniel Theis,C,28.0
Wayne Ellington,SG,33.0
Danny Green,SF,33.0
Eric Paschall,PF,24.0
Trevor Ariza,SF,35.0
Cody Zeller,C,28.0
KJ Martin,SF,20.0
David Nwaba,SF,28.0
Furkan Korkmaz,SG,23.0
Talen Horton-Tucker,SG,20.0
Robin Lopez,C,32.0
Paul Millsap,PF,35.0
Jaylen Nowell,SG,21.0
DeMarcus Cousins,C,30.0
Michael Carter-Williams,SG,29.0
Danuel House Jr.,SF,27.0
Jay Scrubb,SG,20.0
George Hill,PG,34.0
Terence Davis,SG,23.0
Raul Neto,PG,28.0
Isaiah Roby,PF,22.0
Moses Brown,C,21.0
Ricky Rubio,PG,30.0
Robert Covington,PF,30.0
Gabriel Deck,PF,25.0
James Ennis III,SF,30.0
Cory Joseph,PG,29.0
Sterling Brown,SG,25.0
Aleksej Pokusevski,PF,19.0
JaMychal Green,PF,30.0
Hassan Whiteside,C,31.0
Austin Rivers,SG,28.0
Willy Hernangómez,C,26.0
Chuma Okeke,PF,22.0
D.J. Augustin,PG,33.0
Ben McLemore,SG,27.0
PJ Dozier,SG,24.0
Mike James,PG,30.0
Tomáš Satoranský,SG,29.0
Isaiah Thomas,PG,31.0
Tristan Thompson,C,29.0
Patrick Beverley,PG,32.0
Henry Ellenson,PF,24.0
Malachi Flynn,PG,22.0
Edmond Sumner,SG,25.0
JJ Redick,SG,36.0
Jalen Harris,SG,22.0
Jalen McDaniels,SF,23.0
JaVale McGee,C,33.0
Louis King,SF,21.0
Khem Birch,C,28.0
James Johnson,PF,33.0
Justin Jackson,SF,25.0
Kent Bazemore,SF,31.0
Juancho Hernangómez,PF,25.0
Dewayne Dedmon,C,31.0
Ignas Brazdeikis,SF,22.0
Dwight Howard,C,35.0
R.J. Hampton,SG,19.0
Georges Niang,PF,27.0
Gorgui Dieng,C,31.0
Justise Winslow,SF,24.0
Dennis Smith Jr.,PG,23.0
Jeff Teague,PG,32.0
Spencer Dinwiddie,SG,27.0
Damyean Dotson,SG,26.0
Markieff Morris,PF,31.0
Abdel Nader,SF,27.0
Ish Smith,PG,32.0
Alex Len,C,27.0
Trey Burke,PG,28.0
Frank Kaminsky,C,27.0
Nemanja Bjelica,PF,32.0
Marquese Chriss,PF,23.0
Damion Lee,SG,28.0
Chasson Randle,PG,27.0
Denzel Valentine,SG,27.0
Avery Bradley,SG,30.0
Kira Lewis Jr.,PG,19.0
Timothé Luwawu-Cabarrot,SF,25.0
Frank Mason III,PG,26.0
Chimezie Metu,C,23.0
Aron Baynes,C,34.0
Facundo Campazzo,PG,29.0
Robert Franks,PF,24.0
Jaylen Hoard,SF,21.0
Dakota Mathias,SG,25.0
DeAndre' Bembry,SF,26.0
Rodney McGruder,SG,29.0
Jordan Nwora,SF,22.0
Juan Toscano-Anderson,SG,27.0
Yogi Ferrell,PG,27.0
Freddie Gillespie,PF,23.0
Donta Hall,PF,23.0
Saben Lee,PG,21.0
Mychal Mulder,PG,26.0
Torrey Craig,SF,30.0
Brad Wanamaker,PG,31.0
Jabari Parker,PF,25.0
Anthony Lamb,SF,23.0
Rajon Rondo,PG,34.0
Derrick Favors,C,29.0
Tyler Johnson,SG,28.0
Jahlil Okafor,C,25.0
Justin Patton,C,23.0
Mason Jones,SG,22.0
Willie Cauley-Stein,C,27.0
Jarrett Culver,SG,21.0
Glenn Robinson III,SF,27.0
Tony Snell,SG,29.0
Maurice Harkless,SF,27.0
D.J. Wilson,PF,24.0
Alize Johnson,PF,24.0
Patrick Patterson,PF,31.0
Dylan Windler,SF,24.0
Sekou Doumbouya,PF,20.0
Jake Layman,SF,26.0
Nerlens Noel,C,26.0
Marc Gasol,C,36.0
Trey Lyles,PF,25.0
Tyler Cook,SF,23.0
Brandon Goodwin,PG,25.0
E'Twaun Moore,SG,31.0
Jerome Robinson,SG,23.0
Langston Galloway,SG,29.0
Wesley Matthews,SG,34.0
Damian Jones,C,25.0
Troy Brown Jr.,SF,21.0
Boban Marjanović,C,32.0
Nassir Little,PF,20.0
Semi Ojeleye,PF,26.0
JaKarr Sampson,PF,27.0
Rodney Hood,SF,28.0
Solomon Hill,PF,29.0
Kelan Martin,SF,25.0
Al-Farouq Aminu,PF,30.0
Charlie Brown Jr.,SG,23.0
Andre Iguodala,SF,37.0
Stanley Johnson,PF,24.0
Yuta Watanabe,SF,26.0
Chandler Hutchison,SF,24.0
Devin Cannady,PG,24.0
Mike Scott,PF,32.0
Josh Hall,SF,20.0
Nico Mannion,PG,19.0
Darius Miller,SF,30.0
Lamar Stevens,PF,23.0
Paul Watson,SF,26.0
Jordan Bone,PG,23.0
Chris Chiozza,PG,25.0
Carsen Edwards,SG,22.0
Udonis Haslem,C,40.0
Brodric Thomas,SG,24.0
Justin James,SF,24.0
Kevin Knox,SF,21.0
Danté Exum,SG,25.0
Ersan İlyasova,PF,33.0
Nathan Knight,PF,23.0
Thon Maker,C,23.0
Skylar Mays,SG,23.0
Tremont Waters,PG,23.0
P.J. Tucker,PF,35.0
Luka Šamanić,PF,21.0
Wenyen Gabriel,PF,23.0
Quinn Cook,PG,27.0
Meyers Leonard,C,28.0
Killian Tillie,C,22.0
Matt Thomas,SG,26.0
Gary Clark,SF,26.0
Ryan Arcidiacono,PG,26.0
Mamadi Diakite,PF,24.0
Romeo Langford,SG,21.0
Alfonzo McKinnie,SF,28.0
Jahmi'us Ramsey,SG,19.0
Cameron Reynolds,SF,25.0
Nicolò Melli,PF,30.0
Reggie Perry,PF,20.0
Trent Forrest,PG,22.0
Bruno Caboclo,PF,25.0
Matthew Dellavedova,PG,30.0
Harry Giles,C,22.0
Kyle Guy,PG,23.0
Markus Howard,SG,21.0
Didi Louzada,SF,21.0
Frank Ntilikina,PG,22.0
Keita Bates-Diop,SF,25.0
Amida Brimah,C,26.0
Grant Riller,PG,23.0
Anderson Varejão,C,38.0
Jordan Bell,C,26.0
Tacko Fall,C,25.0
Rondae Hollis-Jefferson,PF,26.0
KZ Okpala,PF,21.0
Mfiondu Kabengele,PF,23.0
Wes Iwundu,SF,26.0
Vernon Carey Jr.,C,19.0
Jeremiah Martin,PG,24.0
Rayjon Tucker,PG,23.0
Jarrell Brantley,PF,24.0
CJ Elleby,SF,20.0
Justin Robinson,PG,23.0
Quinndary Weatherspoon,SG,24.0
Bol Bol,PF,21.0
Sean McDermott,SF,24.0
Shaquille Harrison,SG,27.0
Chris Silva,PF,24.0
Vlatko Čančar,PF,23.0
Ed Davis,C,31.0
Devon Dotson,PG,21.0
Deividas Sirvydis,SG,20.0
Sindarius Thornwell,SG,26.0
Isaac Bonga,SF,21.0
Devontae Cacok,PF,24.0
Nate Hinton,SG,21.0
Jontay Porter,PF,21.0
Ray Spalding,C,23.0
Miye Oni,SG,23.0
Alen Smailagić,PF,20.0
Cassius Winston,PG,22.0
Daniel Oturu,C,21.0
Axel Toupane,SF,28.0
Elijah Hughes,SF,22.0
T.J. Leaf,PF,23.0
James Nunnally,SF,30.0
Tim Frazier,PG,30.0
Rodions Kurucs,PF,22.0
Norvel Pelle,C,27.0
Bruno Fernando,C,22.0
Cassius Stanley,SG,21.0
Anthony Tolliver,PF,35.0
Robert Woodard II,SF,21.0
Nate Darling,SG,22.0
Cristiano Felício,C,28.0
Jalen Lecque,PG,20.0
Marques Bolden,C,22.0
Juwan Morgan,PF,23.0
Andre Roberson,SG,29.0
Udoka Azubuike,C,21.0
Karim Mané,PG,20.0
Adam Mokoka,SG,22.0
Tyler Bey,SF,22.0
Malik Fitts,PF,23.0
Patrick McCaw,SF,25.0
Iman Shumpert,SG,30.0
Tyrell Terry,PG,20.0
Kostas Antetokounmpo,PF,23.0
Vincent Poirier,C,27.0
Keljin Blevins,SF,25.0
Ty-Shon Alexander,SG,22.0
Brian Bowen,SF,22.0
Jared Dudley,PF,35.0
Jared Harper,PG,23.0
Jaylen Adams,PG,24.0
Terrance Ferguson,SG,22.0
Theo Pinson,SG,25.0
Ashton Hagans,PG,21.0
Will Magnay,C,22.0
Anžejs Pasečņiks,C,25.0
Noah Vonleh,C,25.0
Greg Whittington,PF,27.0
Chris Duarte,SG,24.0
Zavier Simpson,PG,24.0
Melvin Frazier,SG,25.0
Duane Washington Jr.,PG,21.0
Alperen Şengün,C,19.0
Terry Taylor,PF,22.0
Lance Stephenson,SG,31.0
Malik Newman,PG,24.0
Josh Christopher,SG,20.0
Keon Johnson,SG,19.0
Braxton Key,SF,24.0
Brandon Boston Jr.,SG,20.0
Georgios Kalaitzakis,SF,23.0
B.J. Johnson,SF,26.0
Justin Anderson,SF,28.0
Brandon Knight,PG,30.0
Hassani Gravett,PG,25.0
Derrick Walton,PG,26.0
Chaundee Brown Jr.,SF,23.0
Kessler Edwards,SF,21.0
Xavier Moon,SG,27.0
Joshua Primo,SF,19.0
Keifer Sykes,PG,28.0
Greg Monroe,C,31.0
Greg Brown III,SF,20.0
David Duke Jr.,PG,22.0
Cameron McGriff,SF,24.0
James Bouknight,SG,21.0
Davon Reed,SG,26.0
Trevelin Queen,SG,24.0
Lindell Wigginton,PG,23.0
Scotty Hopson,SG,32.0
Gabe York,SG,28.0
Malcolm Hill,SG,26.0
Jared Butler,SG,21.0
Jamorko Pickett,PF,24.0
Admiral Schofield,SF,24.0
Cheick Diallo,C,25.0
Gabriel Lundberg,SG,27.0
Daishen Nix,SG,19.0
Javonte Smart,PG,22.0
Paris Bass,SF,26.0
Matt Ryan,SF,24.0
Tre Scott,SF,25.0
Aleem Ford,SF,24.0
Tyrone Wallace,SG,27.0
Ish Wainright,PF,27.0
Nik Stauskas,SG,28.0
Jeff Dowtin Jr.,PG,24.0
Joe Wieskamp,SG,22.0
Ahmad Caver,SG,25.0
Usman Garuba,PF,19.0
Joe Johnson,SG,40.0
Jemerrio Jones,SF,26.0
Craig Sword,SG,28.0
JT Thor,PF,19.0
Marko Simonovic,C,22.0
Eugene Omoruyi,SF,24.0
Wayne Selden,SG,27.0
Isaiah Todd,PF,20.0
Kevin Pangos,PG,29.0
Rob Edwards,SG,25.0
Emmanuel Mudiay,PG,25.0
Leandro Bolmaro,SF,21.0
Moses Wright,PF,23.0
Darren Collison,PG,34.0
Jordan Schakel,SG,23.0
Myles Powell,PG,24.0
Petr Cornelie,PF,26.0
Marcus Garrett,SG,23.0
RJ Nembhard Jr.,SG,22.0
Yves Pons,SF,22.0
Shaq Buchanan,SG,25.0
Kai Jones,C,21.0
Jaden Springer,SG,19.0
McKinley Wright IV,PG,23.0
Carlik Jones,PG,24.0
Jarron Cumberland,SG,24.0
Jaylen Morris,SG,26.0
Xavier Sneed,SF,24.0
Scottie Lewis,SG,21.0
Joel Ayayi,SG,21.0
Aaron Henry,SF,22.0
George King,SF,28.0
Cat Barber,PG,27.0
Zylan Cheatham,SF,26.0
Sam Dekker,PF,27.0
Javin DeLaurier,C,23.0
Jaime Echenique,C,24.0
Tyler Hall,SG,24.0
Feron Hunt,SF,22.0
David Johnson,SG,20.0
Arnoldas Kulboka,SF,24.0
JaQuori McLaughlin,PG,24.0
C.J. Miles,SG,34.0
Matt Mooney,SG,25.0
Ade Murkey,SG,24.0
Jaysean Paige,PG,27.0
Trayvon Palmer,SG,27.0
Emanuel Terry,PF,25.0
Jon Teske,C,24.0
M.J. Walker,SG,23.0
RaiQuan Gray,PF,23.0
AJ Griffin,SF,19.0
Chance Comanche,C,26.0
Johnny Davis,SG,20.0
Kenneth Lofton Jr.,PF,20.0
Justin Minaya,SF,23.0
Kevon Harris,SG,25.0
Xavier Cooks,PF,27.0
Darius Days,SF,23.0
Jared Rhoden,SG,23.0
Jordan Hall,SF,21.0
Tyler Dorsey,SF,26.0
Jacob Gilyard,PG,24.0
Jason Preston,PG,23.0
Isaiah Mobley,PF,23.0
Lester Quiñones,SG,22.0
John Butler,C,20.0
Donovan Williams,SG,21.0
Trevor Hudgins,PG,23.0
Kendall Brown,SG,19.0
Cole Swider,SF,23.0
Jack White,SF,25.0
Chima Moneke,SF,27.0
Kobi Simmons,SG,25.0
Dereon Seabron,SG,22.0
Deonte Burton,PF,29.0
Michael Foster Jr.,PF,20.0
Vasilije Micić,PG,30.0
Javon Freeman-Liberty,PG,24.0
Mãozinha Pereira,SF,23.0
Dexter Dennis,SG,24.0
Ricky Council IV,SG,22.0
Sasha Vezenkov,PF,28.0
Taze Moore,SG,25.0
Izaiah Brockington,PG,24.0
Matthew Hurt,PF,23.0
Adama Sanogo,PF,21.0
Jules Bernard,SG,24.0
Onuralp Bitim,SG,24.0
Terquavion Smith,PG,21.0
D.J. Carton,SG,23.0
Henri Drell,SF,23.0
Emoni Bates,SF,20.0
Malik Williams,C,25.0
Timmy Allen,SF,24.0
Alex Fudge,SF,20.0
Mouhamadou Gueye,PF,25.0
Amari Bailey,PG,19.0
Jordan Ford,PG,25.0
D'Moi Hodge,SG,25.0
Markquis Nowell,SG,24.0
Isaiah Wong,SG,23.0
Jalen Hood-Schifino,SG,20.0
Seth Lundy,SF,23.0
Ibou Badji,C,21.0
Adam Flagler,SG,24.0
Dariq Whitehead,SF,19.0
Jermaine Samuels,SF,25.0
Nathan Mensah,C,25.0
Keyontae Johnson,SF,23.0
Filip Petrušev,C,23.0
Maxwell Lewis,SF,21.0
Malcolm Cazalon,SG,22.0
Jalen Crutcher,PG,24.0
Andrew Funk,SG,24.0
Kaiser Gates,SF,27.0
Dmytro Skapintsev,C,25.0
Keion Brooks Jr.,SF,24.0
Damion Baugh,SG,24.0
Jaylen Sims,SG,26.0
Marcus Bagley,SF,23.0
Alex Reese,PF,25.0
Jaylen Martin,SF,21.0
Jackson Rowe,PF,28.0
Kylor Kelley,C,27.0
Reece Beekman,PG,23.0
Miles Norris,PF,24.0
Alex Ducas,SG,24.0
Jack McVeigh,PF,28.0
Armel Traoré,SF,22.0
Phillip Wheeler,PF,22.0
Jazian Gortman,PG,21.0
Quincy Olivari,PG,23.0
Jalen Bridges,SF,23.0
Yuri Collins,PG,23.0
Anton Watson,SF,24.0
Ulrich Chomche,PF,19.0
Liam Robbins,C,25.0
Cui Yongxi,SG,21.0
Tristen Newton,SG,23.0
Jesse Edwards,C,24.0
