snapshot_at_utc,book,player,game,game_pk,pitcher_id,scheduled_start_utc,line,over,under,implied_over,implied_under,nb_k_v1_E[K],log5_sketch_E[K],expected_bf,k_bf_shrunk_365,p_over,p_under,ev_over,ev_under,nb_side,nb_ev
2026-09-23T00:51:45.347010+00:00,novig,Jared Jones,St. Louis Cardinals @ Pittsburgh Pirates,823328,683003,2026-09-22T22:40:00+00:00,6.5,,376.0,,0.21008403361344538,4.388494571038118,,22.629519338970283,0.22007404150005624,0.16380667870150056,0.8361933212984994,,2.980280209380857,under,2.980280209380857
2026-09-23T00:51:45.347010+00:00,novig,Drew Rasmussen,Tampa Bay Rays @ New York Yankees,823543,656876,2026-09-22T17:05:00+00:00,4.5,,388.0,,0.20491803278688525,3.463122857685154,,18.390005040192257,0.22529192927932995,0.27113041165521334,0.7288695883447867,,2.556883591122559,under,2.556883591122559
2026-09-23T00:51:45.347010+00:00,novig,Drew Rasmussen,Tampa Bay Rays @ New York Yankees,823494,656876,2026-09-22T23:05:00+00:00,4.5,,388.0,,0.20491803278688525,3.683224413620264,,16.65441147645294,0.22529192927932995,0.3117746691379112,0.6882253308620889,,2.3585396146069937,under,2.3585396146069937
2026-09-23T00:51:45.347010+00:00,novig,Max Fried,Tampa Bay Rays @ New York Yankees,823543,608331,2026-09-22T17:05:00+00:00,4.5,-99900.0,,0.999,,4.653758377413159,,24.44788760842698,0.22840475708665844,0.49091290389662146,0.5090870961033785,-0.5085956917951737,,under,-0.5085956917951737
2026-09-23T00:51:45.347010+00:00,novig,Max Fried,Tampa Bay Rays @ New York Yankees,823494,608331,2026-09-22T23:05:00+00:00,4.5,-99900.0,,0.999,,5.647693577691714,,23.986901817477886,0.22840475708665844,0.6506473319808161,0.3493526680191837,-0.3487013693885722,,under,-0.3487013693885722
2026-09-23T00:51:45.347010+00:00,novig,JR Ritchie,Cincinnati Reds @ Atlanta Braves,824867,702275,2026-09-22T23:15:00+00:00,3.5,,376.0,,0.21008403361344538,3.5201123354462305,,22.443602510389038,0.22007404150005624,0.46349838134568505,0.536501618654315,,1.5537477047945394,under,1.5537477047945394
2026-09-23T00:51:45.347010+00:00,novig,Anthony Kay,Chicago White Sox @ Kansas City Royals,824061,641743,2026-09-22T23:40:00+00:00,4.5,102.0,-506.0,0.49504950495049505,0.834983498349835,3.5575937759384333,,19.373690699882477,0.22007404150005624,0.2884681977797058,0.7115318022202943,-0.4172942404849944,-0.14784926453458835,under,-0.14784926453458835
2026-09-23T00:51:45.347010+00:00,novig,Janson Junk,Miami Marlins @ Chicago Cubs,824624,676083,2026-09-22T23:40:00+00:00,4.5,-245.0,-953.0,0.7101449275362319,0.9050332383665717,3.9711230940658964,,21.71058321516028,0.2185496147059296,0.3656376193167355,0.6343623806832646,-0.48512253606418887,-0.2990728364538536,under,-0.2990728364538536
2026-09-23T00:51:45.347010+00:00,novig,Shota Imanaga,Miami Marlins @ Chicago Cubs,824624,684007,2026-09-22T23:40:00+00:00,6.5,-809.0,-135.0,0.88998899889989,0.574468085106383,3.8579922843266132,,21.896799201492524,0.19847146150798115,0.1047232457823688,0.8952767542176313,-0.88233197723588,0.5584447203047652,under,0.5584447203047652
2026-09-23T00:51:45.347010+00:00,novig,Sean Manaea,New York Mets @ Texas Rangers,822841,640455,2026-09-24T00:05:00+00:00,3.5,,-506.0,,0.834983498349835,3.4732440019572133,,15.21854818696991,0.23371405747668808,0.4537779237055137,0.5462220762944864,,-0.34582889676984446,under,-0.34582889676984446
2026-09-23T00:51:45.347010+00:00,novig,MacKenzie Gore,New York Mets @ Texas Rangers,822841,669022,2026-09-24T00:05:00+00:00,4.5,122.0,-545.0,0.45045045045045046,0.8449612403100775,3.871138987280688,,17.99105108564961,0.22007404150005624,0.34689677899124305,0.653103221008757,-0.22988915063944054,-0.22706132559514086,under,-0.22706132559514086
2026-09-23T00:51:45.347010+00:00,novig,Michael Soroka,Arizona Diamondbacks @ Colorado Rockies,824301,647336,2026-09-24T00:40:00+00:00,4.5,104.0,-115.0,0.49019607843137253,0.5348837209302325,3.5926653817906726,,16.652546079270927,0.22007404150005624,0.29496020797436784,0.7050397920256322,-0.3982811757322896,0.3181178720479211,under,0.3181178720479211
2026-09-23T00:51:45.347010+00:00,novig,Kyle Freeland,Arizona Diamondbacks @ Colorado Rockies,824301,607536,2026-09-24T00:40:00+00:00,2.5,-122.0,115.0,0.5495495495495496,0.46511627906976744,4.488392585439394,,21.490541967926998,0.21317544385250511,0.8116304342484083,0.18836956575159158,0.4769012819930052,-0.595005433634078,over,0.4769012819930052
2026-09-23T00:51:45.347010+00:00,novig,Logan Gilbert,Houston Astros @ Seattle Mariners,823086,669302,2026-09-24T02:10:00+00:00,6.5,122.0,,0.45045045045045046,,4.5860440804015425,,20.63633321509958,0.2269529760504674,0.18880598501215382,0.811194014987846,-0.5808507132730184,,under,-0.5808507132730184
2026-09-23T00:51:45.347010+00:00,novig,Cristian Javier,Houston Astros @ Seattle Mariners,823086,664299,2026-09-24T02:10:00+00:00,4.5,108.0,-113.0,0.4807692307692308,0.5305164319248826,4.362993638129341,,20.224482336444357,0.22007404150005624,0.43845213777035996,0.5615478622296399,-0.08801955343765111,0.05849287305233025,under,0.05849287305233025
2026-09-23T00:51:45.347010+00:00,novig,Anthony Molina,Minnesota Twins @ San Francisco Giants,823168,683627,2026-09-23T19:45:00+00:00,3.5,-144.0,138.0,0.5901639344262295,0.42016806722689076,3.3525809379620477,,15.52806483550682,0.22007404150005624,0.4284461324270048,0.5715538675729951,-0.2740218311653529,0.3602982048237283,under,0.3602982048237283
2026-09-23T00:51:45.347010+00:00,novig,Taj Bradley,Minnesota Twins @ San Francisco Giants,823168,671737,2026-09-23T19:45:00+00:00,6.5,108.0,-111.0,0.4807692307692308,0.5260663507109005,5.24846880323737,,20.982739010268666,0.2541590504098822,0.2809413315973195,0.7190586684026805,-0.41564203027757546,0.36685927056725764,under,0.36685927056725764
2026-09-23T00:51:45.347010+00:00,novig,Michael King,San Diego Padres @ Los Angeles Dodgers,823894,650633,2026-09-24T02:10:00+00:00,4.5,130.0,-133.0,0.43478260869565216,0.5708154506437768,3.553020336043441,,16.242344983882905,0.22328039419647877,0.287639572874843,0.7123604271251569,-0.33842898238786095,0.24796977082828242,under,0.24796977082828242
2026-09-23T00:51:45.347010+00:00,prizepicks,Sonny Gray,Cleveland Guardians @ Boston Red Sox,824710,543243,2026-09-23T23:10:00+00:00,4.5,-137.0,-137.0,0.5780590717299579,0.5780590717299579,4.910891105244617,,24.61782770014921,0.22662034492191893,0.5354846492072349,0.4645153507927651,-0.07365064334222882,-0.1964223493585014,over,-0.07365064334222882
2026-09-23T00:51:45.347010+00:00,novig,Yusei Kikuchi,Los Angeles Angels @ Oakland Athletics,824953,579328,2026-09-23T01:40:00+00:00,5.5,133.0,,0.4291845493562232,,4.2610990818921675,5.361190481610889,21.5367062673106,0.2373508826271663,0.2620917350661795,0.7379082649338206,-0.3893262572958018,,under,-0.3893262572958018
2026-09-23T00:51:45.347010+00:00,novig,Brady Basso,Los Angeles Angels @ Oakland Athletics,824953,669620,2026-09-23T01:40:00+00:00,3.5,113.0,-115.0,0.4694835680751174,0.5348837209302325,3.3707911611822294,4.241840234837653,18.8502467718784,0.20190279036702408,0.43231166909455454,0.5676883309054455,-0.07917614482859886,0.06133035777974588,under,0.06133035777974588
2026-09-23T00:51:45.347010+00:00,fanduel,Sonny Gray,Cleveland Guardians @ Boston Red Sox,824710,543243,2026-09-23T23:10:00+00:00,4.5,-120.0,-106.0,0.5454545454545454,0.5145631067961165,4.910891105244617,,24.61782770014921,0.22662034492191893,0.5354846492072349,0.4645153507927651,-0.018278143120069257,-0.09726262015745651,over,-0.018278143120069257
2026-09-23T00:51:45.347010+00:00,fanduel,Michael Soroka,Arizona Diamondbacks @ Colorado Rockies,824302,647336,2026-09-23T00:40:00+00:00,4.5,-102.0,-125.0,0.504950495049505,0.5555555555555556,3.474637858761408,4.140348509126464,18.87158904013627,0.22007404150005624,0.27323388251090025,0.7267661174890998,-0.4588897620862564,0.30817901148037946,under,0.30817901148037946
2026-09-23T00:51:45.347010+00:00,fanduel,Foster Griffin,Cleveland Guardians @ Boston Red Sox,824710,656492,2026-09-23T23:10:00+00:00,4.5,104.0,-132.0,0.49019607843137253,0.5689655172413793,3.2762957310325174,,22.060902757682967,0.22007404150005624,0.23750556674326065,0.7624944332567394,-0.5154886438437483,0.34014173117851165,under,0.34014173117851165
2026-09-23T00:51:45.347010+00:00,underdog,Michael King,San Diego Padres @ Los Angeles Dodgers,823897,650633,2026-09-23T02:10:00+00:00,4.5,107.0,-145.0,0.4830917874396135,0.5918367346938775,3.07189989506065,3.245572627007827,16.45481914563491,0.22328039419647877,0.20199935927857107,0.7980006407214291,-0.581861326293358,0.3483459101844836,under,0.3483459101844836
2026-09-23T00:51:45.347010+00:00,underdog,Anthony Molina,Minnesota Twins @ San Francisco Giants,823166,683627,2026-09-23T01:45:00+00:00,3.5,-145.0,108.0,0.5918367346938775,0.4807692307692308,3.712398846690401,,19.14311202844966,0.22007404150005624,0.5026420654727614,0.49735793452723875,-0.1507082342011964,0.034504503816656484,under,0.034504503816656484
2026-09-23T00:51:45.347010+00:00,draftkings,Max Fried,Tampa Bay Rays @ New York Yankees,823494,608331,2026-09-22T23:05:00+00:00,2.5,100.0,,0.5,,5.647693577691714,,23.986901817477886,0.22840475708665844,0.907712304471795,0.0922876955282049,0.81542460894359,,under,0.81542460894359
2026-09-23T00:51:45.347010+00:00,draftkings,Cristian Javier,Houston Astros @ Seattle Mariners,823089,664299,2026-09-23T01:40:00+00:00,4.5,100.0,,0.5,,3.7621976783087434,4.438753298707601,20.89168413373216,0.21493722438021176,0.3264967998710677,0.6735032001289324,-0.34700640025786467,,under,-0.34700640025786467
2026-09-23T00:51:45.347010+00:00,draftkings,Brady Basso,Los Angeles Angels @ Athletics,824953,669620,2026-09-23T01:40:00+00:00,3.5,108.0,,0.4807692307692308,,3.3707911611822294,4.241840234837653,18.8502467718784,0.20190279036702408,0.43231166909455454,0.5676883309054455,-0.1007917282833265,,under,-0.1007917282833265
2026-09-23T00:51:45.347010+00:00,draftkings,Michael King,San Diego Padres @ Los Angeles Dodgers,823897,650633,2026-09-23T02:10:00+00:00,4.5,108.0,,0.4807692307692308,,3.07189989506065,3.245572627007827,16.45481914563491,0.22328039419647877,0.20199935927857107,0.7980006407214291,-0.5798413327005723,,under,-0.5798413327005723
2026-09-23T00:51:45.347010+00:00,draftkings,Sean Manaea,New York Mets @ Texas Rangers,822840,640455,2026-09-23T00:05:00+00:00,6.5,110.0,,0.47619047619047616,,3.4084758499091965,,17.49995362725277,0.23371405747668808,0.06520227720572776,0.9347977227942723,-0.8630752178679718,,under,-0.8630752178679718
2026-09-23T00:51:45.347010+00:00,draftkings,Taj Bradley,Minnesota Twins @ San Francisco Giants,823166,671737,2026-09-23T01:45:00+00:00,6.5,112.0,,0.4716981132075472,,4.619555252595115,5.875294527314165,21.656063316314146,0.2541590504098822,0.19313557987798918,0.8068644201220108,-0.5905525706586628,,under,-0.5905525706586628
2026-09-23T00:51:45.347010+00:00,draftkings,Logan Gilbert,Houston Astros @ Seattle Mariners,823089,669302,2026-09-23T01:40:00+00:00,6.5,122.0,,0.45045045045045046,,4.451418122466626,,22.282253981977252,0.2269529760504674,0.1715992844258537,0.8284007155741463,-0.6190495885746048,,under,-0.6190495885746048
2026-09-23T00:51:45.347010+00:00,draftkings,Yusei Kikuchi,Los Angeles Angels @ Athletics,824953,579328,2026-09-23T01:40:00+00:00,5.5,124.0,,0.44642857142857145,,4.2610990818921675,5.361190481610889,21.5367062673106,0.2373508826271663,0.2620917350661795,0.7379082649338206,-0.41291451345175806,,under,-0.41291451345175806
2026-09-23T00:51:45.347010+00:00,draftkings,Kyle Freeland,Arizona Diamondbacks @ Colorado Rockies,824302,607536,2026-09-23T00:40:00+00:00,2.5,-128.0,,0.5614035087719298,,4.331220958217173,4.097153879808027,23.0706841451417,0.21317544385250511,0.7933425943039641,0.20665740569603597,0.413141496103936,,under,0.413141496103936
2026-09-23T00:51:45.347010+00:00,draftkings,Anthony Kay,Chicago White Sox @ Kansas City Royals,824061,641743,2026-09-22T23:40:00+00:00,4.5,135.0,,0.425531914893617,,3.5575937759384333,,19.373690699882477,0.22007404150005624,0.2884681977797058,0.7115318022202943,-0.3220997352176915,,under,-0.3220997352176915
2026-09-23T00:51:45.347010+00:00,draftkings,MacKenzie Gore,New York Mets @ Texas Rangers,822840,669022,2026-09-23T00:05:00+00:00,4.5,140.0,,0.4166666666666667,,3.933613803816495,,20.337837945430152,0.22007404150005624,0.358606321810215,0.6413936781897849,-0.13934482765548384,,under,-0.13934482765548384
2026-09-23T00:51:45.347010+00:00,draftkings,Anthony Molina,Minnesota Twins @ San Francisco Giants,823166,683627,2026-09-23T01:45:00+00:00,3.5,-142.0,,0.5867768595041323,,3.712398846690401,,19.14311202844966,0.22007404150005624,0.5026420654727614,0.49735793452723875,-0.14338464898304065,,under,-0.14338464898304065
2026-09-23T00:51:45.347010+00:00,draftkings,Shota Imanaga,Miami Marlins @ Chicago Cubs,824624,684007,2026-09-22T23:40:00+00:00,7.5,150.0,,0.4,,3.8579922843266132,,21.896799201492524,0.19847146150798115,0.050031742631453796,0.9499682573685464,-0.8749206434213657,,under,-0.8749206434213657
2026-09-23T00:51:45.347010+00:00,draftkings,Janson Junk,Miami Marlins @ Chicago Cubs,824624,676083,2026-09-22T23:40:00+00:00,5.5,175.0,,0.36363636363636365,,3.9711230940658964,,21.71058321516028,0.2185496147059296,0.2167956532780458,0.7832043467219543,-0.4038119534853741,,under,-0.4038119534853741
2026-09-23T00:51:45.347010+00:00,draftkings,Michael Soroka,Arizona Diamondbacks @ Colorado Rockies,824302,647336,2026-09-23T00:40:00+00:00,5.5,215.0,,0.31746031746031744,,3.474637858761408,4.140348509126464,18.87158904013627,0.22007404150005624,0.14620628505824845,0.8537937149417516,-0.5394502020665174,,under,-0.5394502020665174
2026-09-23T00:51:45.347010+00:00,draftkings,Drew Rasmussen,Tampa Bay Rays @ New York Yankees,823494,656876,2026-09-22T23:05:00+00:00,10.5,220.0,,0.3125,,3.683224413620264,,16.65441147645294,0.22529192927932995,0.002449765760827705,0.9975502342391723,-0.9921607495653514,,under,-0.9921607495653514
